utc_ts,market,borrow_usd,collateral_usd,book_ltv,liq_10,liq_20,liq_30,capacity_ab_usd,distance_to_capacity
2026-09-17T19:21:58+00:00,cbBTC,1416219132,2878672927,0.492,27066786,109154012,333284540,12253356,0.08
2026-09-17T19:21:58+00:00,WETH,83499861,189605708,0.4404,2442462,9615410,18915425,17545812,0.3
2026-09-17T19:21:58+00:00,cbETH,11269528,29055391,0.3879,97819,1771008,2769790,3330904,0.36
2026-09-17T19:21:58+00:00,cbXRP,47561201,129839859,0.3663,2012245,7814743,18141899,3612642,0.14
2026-09-17T19:21:58+00:00,SOL,5416268,16117279,0.3361,160025,746762,1487262,2737780,0.44
2026-09-17T19:21:58+00:00,cbDOGE,2290947,6312054,0.3629,151731,363130,622215,331600,0.18
2026-09-17T19:21:58+00:00,cbADA,1993900,5977426,0.3336,88775,201027,416173,219038,0.22
2026-09-17T19:21:58+00:00,cbLTC,770001,2154751,0.3574,51538,255575,286544,192510,0.17
2026-09-17T19:21:58+00:00,JitoSOL,2196669,6544120,0.3357,94500,234622,646985,2737780,
2026-09-17T20:24:15+00:00,cbBTC,1417237522,2880750305,0.492,27000132,109184358,335693425,12506856,0.08
2026-09-17T20:24:15+00:00,WETH,83634502,188621209,0.4434,2797649,10252408,19345236,17222940,0.29
2026-09-17T20:24:15+00:00,cbETH,11292623,28907424,0.3906,120282,1777980,2812914,3715899,0.38
2026-09-17T20:24:15+00:00,cbXRP,47660996,129737470,0.3674,2059551,7950065,18296552,2900796,0.12
2026-09-17T20:24:15+00:00,SOL,5420823,16181533,0.335,173474,746739,1492325,2765181,0.44
2026-09-17T20:24:15+00:00,cbDOGE,2287692,6287913,0.3638,152628,363197,680617,295939,0.18
2026-09-17T20:24:15+00:00,cbADA,1994611,5950490,0.3352,120878,203522,491494,211155,0.21
2026-09-17T20:24:15+00:00,cbLTC,768834,2171531,0.3541,758,250558,286639,190095,0.17
2026-09-17T20:24:15+00:00,JitoSOL,2196257,6538875,0.3359,93002,240686,646065,2765181,
2026-09-17T23:37:46+00:00,cbBTC,1417434835,2875462202,0.4929,27628541,110280392,338837225,13863970,0.09
2026-09-17T23:37:46+00:00,WETH,83695066,188296464,0.4445,2838815,10379211,19415840,16628872,0.29
2026-09-17T23:37:46+00:00,cbETH,11334485,28981266,0.3911,125989,1794963,2820013,3169120,0.33
2026-09-17T23:37:46+00:00,cbXRP,47676621,129313376,0.3687,2189701,8104761,18587132,2920465,0.12
2026-09-17T23:37:46+00:00,SOL,5419453,16278076,0.3329,101641,734782,1480281,2703727,0.44
2026-09-17T23:37:46+00:00,cbDOGE,2287747,6303614,0.3629,151746,363166,680556,321477,0.18
2026-09-17T23:37:46+00:00,cbADA,1994174,5968395,0.3341,88799,200747,482605,203641,0.21
2026-09-17T23:37:46+00:00,cbLTC,769184,2158746,0.3563,51546,261465,287011,201002,0.17
2026-09-17T23:37:46+00:00,JitoSOL,2196324,6568758,0.3344,50063,234347,608500,2703727,
2026-09-18T04:49:49+00:00,cbBTC,1419610325,2909241708,0.488,18063538,104056921,317481268,11901330,0.09
2026-09-18T04:49:49+00:00,WETH,83899987,190491121,0.4404,2436367,10098238,19225260,17246819,0.3
2026-09-18T04:49:49+00:00,cbETH,11392990,29476303,0.3865,78420,1751465,2762687,2997698,0.33
2026-09-18T04:49:49+00:00,cbXRP,47711087,132307999,0.3606,1438824,7050816,16822928,2744308,0.14
2026-09-18T04:49:49+00:00,SOL,5460325,16944140,0.3223,7902,481738,1226089,2644050,0.46
2026-09-18T04:49:49+00:00,cbDOGE,2292828,6517143,0.3518,10010,261785,605077,279376,0.21
2026-09-18T04:49:49+00:00,cbADA,1996948,6332179,0.3154,35970,143577,317913,227286,0.27
2026-09-18T04:49:49+00:00,cbLTC,769047,2193717,0.3506,440,223504,283741,217446,0.2
2026-09-18T04:49:49+00:00,JitoSOL,2198100,6780437,0.3242,4360,216385,545073,2644050,
2026-09-18T09:50:54+00:00,cbBTC,1419687306,2935982669,0.4835,15016273,95344248,302361186,9026311,0.09
2026-09-18T09:50:54+00:00,WETH,83897108,192870023,0.435,1586086,9523475,16930396,16675715,0.3
2026-09-18T09:50:54+00:00,cbETH,11391730,29833312,0.3818,26270,1595539,2684457,2269742,0.28
2026-09-18T09:50:54+00:00,cbXRP,47755366,134040834,0.3563,989261,6340154,15901346,3102848,0.15
2026-09-18T09:50:54+00:00,SOL,5460832,17090204,0.3195,3766,441613,1145334,2610779,0.46
2026-09-18T09:50:54+00:00,cbDOGE,2306807,6671892,0.3458,1666,221562,588292,318200,0.22
2026-09-18T09:50:54+00:00,cbADA,1999358,6360729,0.3143,16234,145116,315659,226189,0.27
2026-09-18T09:50:54+00:00,cbLTC,769201,2234690,0.3442,48,210954,282563,212561,0.21
2026-09-18T09:50:54+00:00,JitoSOL,2204225,6878016,0.3205,743,176332,504731,2610779,
2026-09-18T14:35:59+00:00,cbBTC,1421265109,3044401476,0.4668,1178831,70202888,236504809,7828675,0.12
2026-09-18T14:35:59+00:00,WETH,84065109,198258340,0.424,284340,8086793,15379981,19198612,0.33
2026-09-18T14:35:59+00:00,cbETH,11467302,30627552,0.3744,109,1525362,2513514,3141433,0.36
2026-09-18T14:35:59+00:00,cbXRP,47896909,137568020,0.3482,210757,5198615,13498556,2077661,0.15
2026-09-18T14:35:59+00:00,SOL,5475765,17526417,0.3124,0,474486,1106703,2552691,0.46
2026-09-18T14:35:59+00:00,cbDOGE,2315430,6825443,0.3392,3,185769,492143,296223,0.24
2026-09-18T14:35:59+00:00,cbADA,1999272,6480523,0.3085,0,127166,263378,227974,0.28
2026-09-18T14:35:59+00:00,cbLTC,769178,2242073,0.3431,14,210817,282432,221245,0.22
2026-09-18T14:35:59+00:00,JitoSOL,2213464,7073973,0.3129,0,115544,396803,2552691,
2026-09-18T18:34:03+00:00,cbBTC,1423719760,3048999893,0.4669,1144820,71492912,238647377,8010743,0.11
2026-09-18T18:34:03+00:00,WETH,84267956,200847192,0.4196,10497,8098200,15832273,19508122,0.34
2026-09-18T18:34:03+00:00,cbETH,11545661,31112135,0.3711,132,1525391,2528655,4497528,0.42
2026-09-18T18:34:03+00:00,cbXRP,47968531,139773976,0.3432,9510,5077877,12148226,1265401,0.13
2026-09-18T18:34:03+00:00,SOL,5345124,17320441,0.3086,0,457352,1074062,1695088,0.38
2026-09-18T18:34:03+00:00,cbDOGE,2317688,6816771,0.34,54254,192015,493992,226244,0.22
2026-09-18T18:34:03+00:00,cbADA,2003464,6549361,0.3059,0,127749,295627,194877,0.25
2026-09-18T18:34:03+00:00,cbLTC,770030,2271374,0.339,0,187449,288691,275124,0.27
2026-09-18T18:34:03+00:00,JitoSOL,2222472,7306160,0.3042,24,115923,282671,1695088,0.57
2026-09-19T16:18:14+00:00,cbBTC,1426473441,3077591720,0.4635,287851,68795885,229214743,8449500,0.11
2026-09-19T16:18:14+00:00,WETH,84642278,203415977,0.4161,130988,7323776,16076019,20497370,0.35
2026-09-19T16:18:14+00:00,cbETH,11633976,31630391,0.3678,277,483640,2292750,3956367,0.41
2026-09-19T16:18:14+00:00,cbXRP,48523401,144873191,0.3349,291065,3715384,10507316,1483693,0.15
2026-09-19T16:18:14+00:00,SOL,5415195,17219296,0.3145,101753,682276,1258964,1325725,0.31
2026-09-19T16:18:14+00:00,cbDOGE,2330746,6980468,0.3339,0,182882,489777,319895,0.25
2026-09-19T16:18:14+00:00,cbADA,2023029,6755859,0.2994,18685,119566,250482,191207,0.25
2026-09-19T16:18:14+00:00,cbLTC,769491,2325509,0.3309,129,127134,284922,188682,0.21
2026-09-19T16:18:14+00:00,JitoSOL,2239618,7283636,0.3075,624,123743,354837,1325725,0.49
2026-09-19T18:06:38+00:00,cbBTC,1426830287,3073406579,0.4643,1025120,71046967,231769101,8734626,0.11
2026-09-19T18:06:38+00:00,WETH,84734279,204045471,0.4153,189,7287433,16019646,20720821,0.35
2026-09-19T18:06:38+00:00,cbETH,11726363,31888649,0.3677,212,1487821,2292065,4166307,0.41
2026-09-19T18:06:38+00:00,cbXRP,48645795,144316678,0.3371,258717,4055834,10990213,1285189,0.14
2026-09-19T18:06:38+00:00,SOL,5444956,17157108,0.3174,108875,769591,1346253,1592925,0.34
2026-09-19T18:06:38+00:00,cbDOGE,2332027,7041176,0.3312,39180,183235,464262,285368,0.26
2026-09-19T18:06:38+00:00,cbADA,2024190,6791904,0.298,17926,74696,241516,194659,0.26
2026-09-19T18:06:38+00:00,cbLTC,770135,2303859,0.3343,386,199674,286099,236939,0.24
2026-09-19T18:06:38+00:00,JitoSOL,2239908,7284208,0.3075,664,125499,356675,1592925,0.56
2026-09-19T19:56:55+00:00,cbBTC,1427326010,3070898858,0.4648,2703111,72673994,232769049,8687019,0.11
2026-09-19T19:56:55+00:00,WETH,84795675,203297729,0.4171,709470,7456864,16232887,20381183,0.34
2026-09-19T19:56:55+00:00,cbETH,11728288,31714610,0.3698,13049,1492212,2315742,3894974,0.4
2026-09-19T19:56:55+00:00,cbXRP,48663246,144728550,0.3362,197854,3980783,10749551,1390124,0.14
2026-09-19T19:56:55+00:00,SOL,5454576,17118838,0.3186,176319,777493,1438125,1351094,0.3
2026-09-19T19:56:55+00:00,cbDOGE,2334741,7061702,0.3306,39183,182611,464593,291747,0.26
2026-09-19T19:56:55+00:00,cbADA,2026423,6818344,0.2972,41443,75488,238220,186629,0.26
2026-09-19T19:56:55+00:00,cbLTC,770252,2297818,0.3352,450,199585,287453,182542,0.2
2026-09-19T19:56:55+00:00,JitoSOL,2240668,7263683,0.3085,13520,141029,425471,1351094,0.49
2026-09-19T23:10:56+00:00,cbBTC,1427266013,3065807576,0.4655,4688777,72498755,237398022,9643890,0.11
2026-09-19T23:10:56+00:00,WETH,84926348,202938028,0.4185,1557693,7702431,16535774,19623550,0.34
2026-09-19T23:10:56+00:00,cbETH,11732010,31660717,0.3706,13789,1585812,2314171,4482980,0.41
2026-09-19T23:10:56+00:00,cbXRP,48717678,143164967,0.3403,573927,4964991,11877109,1488594,0.13
2026-09-19T23:10:56+00:00,SOL,5460042,17072604,0.3198,176157,779609,1441853,1303092,0.28
2026-09-19T23:10:56+00:00,cbDOGE,2329473,6849447,0.3401,56707,193870,509526,250576,0.23
2026-09-19T23:10:56+00:00,cbADA,2025940,6772426,0.2991,42093,120473,252019,195773,0.26
2026-09-19T23:10:56+00:00,cbLTC,771047,2296868,0.3357,454,208170,288131,251436,0.25
2026-09-19T23:10:56+00:00,JitoSOL,2239561,7223295,0.31,15456,143960,429331,1303092,0.48
2026-09-20T01:14:27+00:00,cbBTC,1427821612,3067635359,0.4654,4247235,72620590,235845065,9828610,0.11
2026-09-20T01:14:27+00:00,WETH,84991939,202608129,0.4195,1726187,7733917,16763907,21011141,0.34
2026-09-20T01:14:27+00:00,cbETH,11742340,31639879,0.3711,23556,1587413,2323738,4613690,0.42
2026-09-20T01:14:27+00:00,cbXRP,48813078,142230739,0.3432,633914,5299629,12248055,1706696,0.13
2026-09-20T01:14:27+00:00,SOL,5465613,17124563,0.3192,175184,778053,1434257,1438444,0.31
2026-09-20T01:14:27+00:00,cbDOGE,2340209,6900742,0.3391,56711,186920,516275,252156,0.23
2026-09-20T01:14:27+00:00,cbADA,2026787,6787306,0.2986,41337,75609,249514,194494,0.26
2026-09-20T01:14:27+00:00,cbLTC,770224,2327475,0.3309,129,127024,285705,245144,0.26
2026-09-20T01:14:27+00:00,JitoSOL,2238921,7235371,0.3094,14305,140867,426243,1438444,0.51
2026-09-20T06:23:16+00:00,cbBTC,1428549558,3038722953,0.4701,13802782,80462669,249352343,9154705,0.1
2026-09-20T06:23:16+00:00,WETH,85076595,198760423,0.428,3439544,9592743,17812582,16853503,0.29
2026-09-20T06:23:16+00:00,cbETH,11742229,31054794,0.3781,49746,1633612,2626685,2004510,0.26
2026-09-20T06:23:16+00:00,cbXRP,48813575,139831245,0.3491,1166135,6270422,13888062,1193246,0.11
2026-09-20T06:23:16+00:00,SOL,5475855,16815044,0.3257,200988,856405,1509631,1095094,0.24
2026-09-20T06:23:16+00:00,cbDOGE,2309152,6599866,0.3499,67189,237959,631451,234509,0.2
2026-09-20T06:23:16+00:00,cbADA,2025880,6564937,0.3086,19934,145230,334252,203809,0.23
2026-09-20T06:23:16+00:00,cbLTC,774274,2300046,0.3366,566,200806,289255,245435,0.24
2026-09-20T06:23:16+00:00,JitoSOL,2241578,7101962,0.3156,24791,152144,433288,1095094,0.45
2026-09-20T12:27:30+00:00,cbBTC,1428665932,3038316477,0.4702,13809764,80904767,249868061,9361542,0.1
2026-09-20T12:27:30+00:00,WETH,85085906,199139650,0.4273,3436263,8963906,17124752,16764062,0.3
2026-09-20T12:27:30+00:00,cbETH,11742950,31070137,0.3779,50122,1634210,2627720,1949483,0.25
2026-09-20T12:27:30+00:00,cbXRP,48837962,139610770,0.3498,1176868,6289445,14238985,1535709,0.11
2026-09-20T12:27:30+00:00,SOL,5481182,16797776,0.3263,196600,828112,1512827,982040,0.23
2026-09-20T12:27:30+00:00,cbDOGE,2309180,6565896,0.3517,72567,277742,650142,274403,0.2
2026-09-20T12:27:30+00:00,cbADA,2025876,6566846,0.3085,19934,145161,334257,175021,0.22
2026-09-20T12:27:30+00:00,cbLTC,774201,2291949,0.3378,572,202561,289266,174088,0.19
2026-09-20T12:27:30+00:00,JitoSOL,2236390,7073231,0.3162,20591,152053,459440,982040,0.43
2026-09-20T16:52:49+00:00,cbBTC,1429587548,3074692605,0.465,2100621,71826271,234359132,9643522,0.11
2026-09-20T16:52:49+00:00,WETH,85144496,204061523,0.4172,131006,7479764,15910682,18809766,0.33
2026-09-20T16:52:49+00:00,cbETH,11756611,31560322,0.3725,26472,1599136,2408458,2339632,0.3
2026-09-20T16:52:49+00:00,cbXRP,48862121,141485986,0.3453,693310,5544496,12803320,1458801,0.13
2026-09-20T16:52:49+00:00,SOL,5494781,16886481,0.3254,192309,816028,1510950,1374252,0.27
2026-09-20T16:52:49+00:00,cbDOGE,2311606,6674156,0.3464,64602,212281,593441,251628,0.21
2026-09-20T16:52:49+00:00,cbADA,2027918,6710113,0.3022,43502,144980,300168,184930,0.24
2026-09-20T16:52:49+00:00,cbLTC,775358,2322660,0.3338,2506,202962,288012,160047,0.2
2026-09-20T16:52:49+00:00,JitoSOL,2237593,7131060,0.3138,20486,152575,433883,1374252,0.48
2026-09-20T19:31:26+00:00,cbBTC,1430385856,3064151629,0.4668,4104598,77270073,242316305,11071306,0.11
2026-09-20T19:31:26+00:00,WETH,85242760,203184381,0.4195,1503144,7760673,16240436,17496085,0.32
2026-09-20T19:31:26+00:00,cbETH,11761320,31679884,0.3713,19641,1598371,2402847,2383455,0.3
2026-09-20T19:31:26+00:00,cbXRP,48856435,141801548,0.3445,473434,5313131,12405063,1726929,0.13
2026-09-20T19:31:26+00:00,SOL,5499169,17065148,0.3222,158864,799663,1489805,1469976,0.3
2026-09-20T19:31:26+00:00,cbDOGE,2313524,6704541,0.3451,61877,214158,595526,246630,0.21
2026-09-20T19:31:26+00:00,cbADA,2033556,6768576,0.3004,43394,133426,265855,210724,0.25
2026-09-20T19:31:26+00:00,cbLTC,775901,2347153,0.3306,305,127015,286517,211475,0.23
2026-09-20T19:31:26+00:00,JitoSOL,2240998,7170108,0.3125,17339,151716,431210,1469976,0.51
2026-09-20T21:41:19+00:00,cbBTC,1430728824,3057488732,0.4679,6828602,78685373,245010892,10373226,0.11
2026-09-20T21:41:19+00:00,WETH,85300794,202823041,0.4206,1647799,7820146,16291661,17641085,0.32
2026-09-20T21:41:19+00:00,cbETH,11763082,31619134,0.372,26522,1608349,2408865,2524052,0.31
2026-09-20T21:41:19+00:00,cbXRP,48919991,141711548,0.3452,651953,5445525,12578713,1893397,0.13
2026-09-20T21:41:19+00:00,SOL,5503133,17044659,0.3229,177615,800760,1491726,1643176,0.33
2026-09-20T21:41:19+00:00,cbDOGE,2314368,6696758,0.3456,61879,216818,600336,279192,0.22
2026-09-20T21:41:19+00:00,cbADA,2034963,6714924,0.3031,18801,154030,311136,225997,0.25
2026-09-20T21:41:19+00:00,cbLTC,777110,2353964,0.3301,792,128311,288235,232830,0.24
2026-09-20T21:41:19+00:00,JitoSOL,2241492,7173938,0.3124,16647,148877,430415,1643176,0.56
2026-09-21T00:20:41+00:00,cbBTC,1431161290,3082372612,0.4643,296691,71580896,233055868,11243455,0.11
2026-09-21T00:20:41+00:00,WETH,85398131,205112614,0.4163,153984,7553870,15792675,18136362,0.33
2026-09-21T00:20:41+00:00,cbETH,11767066,31887420,0.369,1126,1509522,2404190,2748499,0.33
2026-09-21T00:20:41+00:00,cbXRP,49000904,142882625,0.3429,372998,4842679,12357668,2656664,0.17
2026-09-21T00:20:41+00:00,SOL,5533991,17307524,0.3197,134843,676549,1445094,2573042,0.44
2026-09-21T00:20:41+00:00,cbDOGE,2314710,6763299,0.3422,56913,208005,539895,233862,0.22
2026-09-21T00:20:41+00:00,cbADA,2037800,6793535,0.3,17934,146866,275698,188668,0.24
2026-09-21T00:20:41+00:00,cbLTC,776764,2369970,0.3278,0,127316,288556,198380,0.22
2026-09-21T00:20:41+00:00,JitoSOL,2258034,7297030,0.3094,1332,149892,424253,2573042,
2026-09-21T01:12:24+00:00,cbBTC,1431370603,3083509258,0.4642,313631,71705364,233120306,11377911,0.11
2026-09-21T01:12:24+00:00,WETH,85437345,207663126,0.4114,446373,7272758,15334527,17630554,0.33
2026-09-21T01:12:24+00:00,cbETH,11803064,32428694,0.364,149,1455505,2335013,2167502,0.3
2026-09-21T01:12:24+00:00,cbXRP,49013243,144438194,0.3393,166776,4183621,11506424,1390968,0.14
2026-09-21T01:12:24+00:00,SOL,5536687,17501138,0.3164,15679,565532,1419971,1890659,0.36
2026-09-21T01:12:24+00:00,cbDOGE,2333879,6888380,0.3388,39204,199864,525232,259420,0.23
2026-09-21T01:12:24+00:00,cbADA,2038900,6881495,0.2963,17934,96831,259799,196724,0.25
2026-09-21T01:12:24+00:00,cbLTC,779642,2383826,0.3271,0,123470,289161,225777,0.24
2026-09-21T01:12:24+00:00,JitoSOL,2263370,7363195,0.3074,254,137603,307107,1890659,0.61
2026-09-21T06:27:40+00:00,cbBTC,1431977505,3089082502,0.4636,55364,70841585,232099637,11076442,0.11
2026-09-21T06:27:40+00:00,WETH,85586201,206250288,0.415,1390628,7576370,15853309,18953564,0.34
2026-09-21T06:27:40+00:00,cbETH,11842957,32228137,0.3675,4230,1513424,2390398,2203894,0.29
2026-09-21T06:27:40+00:00,cbXRP,49156056,144681112,0.3398,296840,4281645,11871623,1928442,0.14
2026-09-21T06:27:40+00:00,SOL,5543460,17380603,0.3189,95643,676532,1475866,1795207,0.35
2026-09-21T06:27:40+00:00,cbDOGE,2335419,6886950,0.3391,56985,199979,525818,328112,0.25
2026-09-21T06:27:40+00:00,cbADA,2041717,6904691,0.2957,1447,97411,260554,267708,0.31
2026-09-21T06:27:40+00:00,cbLTC,779498,2349796,0.3317,1035,129295,289423,211153,0.22
2026-09-21T06:27:40+00:00,JitoSOL,2267306,7347488,0.3086,1425,142031,365921,1795207,0.57
2026-09-21T14:14:34+00:00,cbBTC,1436763343,3236311992,0.444,497,49706304,157963205,7898653,0.12
2026-09-21T14:14:34+00:00,WETH,85797664,211167679,0.4063,19,7381750,14177499,18410537,0.34
2026-09-21T14:14:34+00:00,cbETH,11933446,33222719,0.3592,182,1384580,2044625,2731817,0.35
2026-09-21T14:14:34+00:00,cbXRP,49372064,150534232,0.328,201463,3115069,10201546,1005989,0.14
2026-09-21T14:14:34+00:00,SOL,5592168,18366680,0.3045,0,429985,1283318,1377975,0.32
2026-09-21T14:14:34+00:00,cbDOGE,2341568,7282200,0.3215,0,103406,422463,297411,0.28
2026-09-21T14:14:34+00:00,cbADA,2045700,7330937,0.2791,601,58539,214428,221969,0.31
2026-09-21T14:14:34+00:00,cbLTC,835132,2589019,0.3226,49408,222357,314137,244372,0.23
2026-09-21T14:14:34+00:00,JitoSOL,2344325,7897229,0.2969,0,30652,267042,1377975,0.5
2026-09-21T19:32:53+00:00,cbBTC,1442718263,3272807379,0.4408,1237,50837515,153858660,8704612,0.12
2026-09-21T19:32:53+00:00,WETH,86029175,214132322,0.4018,235,7003372,14843275,19300103,0.35
2026-09-21T19:32:53+00:00,cbETH,11984050,33597334,0.3567,2213,1432832,2093304,3380161,0.4
2026-09-21T19:32:53+00:00,cbXRP,49594492,152917639,0.3243,4134,3188682,9804784,1903520,0.18
2026-09-21T19:32:53+00:00,SOL,5628878,18414725,0.3057,378,654806,1344832,1703296,0.36
2026-09-21T19:32:53+00:00,cbDOGE,2363762,7749290,0.305,20749,73656,219236,307743,0.32
2026-09-21T19:32:53+00:00,cbADA,2051923,7264617,0.2825,22249,62073,248673,250135,0.31
2026-09-21T19:32:53+00:00,cbLTC,841174,2557006,0.329,50228,249358,320267,237914,0.19
2026-09-21T19:32:53+00:00,JitoSOL,2349646,7560367,0.3108,1754,38423,276175,1703296,0.56
2026-09-21T23:21:57+00:00,cbBTC,1444898970,3282934013,0.4401,1338985,46504417,157787069,11860080,0.12
2026-09-21T23:21:57+00:00,WETH,86208913,215419512,0.4002,671500,6966100,13782428,21103622,0.37
2026-09-21T23:21:57+00:00,cbETH,12022709,33858411,0.3551,25714,1471734,2123352,3721259,0.42
2026-09-21T23:21:57+00:00,cbXRP,49918163,157540075,0.3169,224460,2610415,8524100,1320393,0.17
2026-09-21T23:21:57+00:00,SOL,5553271,18370764,0.3023,74207,425046,1126276,2145171,0.44
2026-09-21T23:21:57+00:00,cbDOGE,2336382,7735093,0.302,4,76840,220236,541747,0.39
2026-09-21T23:21:57+00:00,cbADA,2055632,7335282,0.2802,667,66471,219269,238368,0.31
2026-09-21T23:21:57+00:00,cbLTC,851562,2572470,0.331,50340,249924,322984,246526,0.19
2026-09-21T23:21:57+00:00,JitoSOL,2449964,7852723,0.312,1129,115620,415702,2145171,0.63
2026-09-22T05:02:23+00:00,cbBTC,1446837133,3240125693,0.4465,14022299,59683182,177323107,12540293,0.1
2026-09-22T05:02:23+00:00,WETH,86298157,211075902,0.4088,3133928,7963200,15854830,18122569,0.32
2026-09-22T05:02:23+00:00,cbETH,12056883,33340069,0.3616,85002,1512792,2214892,2426871,0.32
2026-09-22T05:02:23+00:00,cbXRP,50094686,153523528,0.3263,566926,3709501,10123122,1888587,0.15
2026-09-22T05:02:23+00:00,SOL,5602428,18055858,0.3103,139812,610066,1320152,1701103,0.37
2026-09-22T05:02:23+00:00,cbDOGE,2341758,7710640,0.3037,22111,80273,259096,384227,0.34
2026-09-22T05:02:23+00:00,cbADA,2059999,7347503,0.2804,20396,79299,222754,239365,0.31
2026-09-22T05:02:23+00:00,cbLTC,852910,2542156,0.3355,126908,251901,337788,262726,0.24
2026-09-22T05:02:23+00:00,JitoSOL,2458333,7659430,0.321,95554,135236,466313,1701103,0.53
2026-09-22T10:02:37+00:00,cbBTC,1447388282,3262904180,0.4436,7230157,55380012,165896302,10101132,0.11
2026-09-22T10:02:37+00:00,WETH,86360999,212451356,0.4065,1765034,7764153,15657283,19531320,0.34
2026-09-22T10:02:37+00:00,cbETH,12067608,33510198,0.3601,60023,1495582,2204240,2331665,0.31
2026-09-22T10:02:37+00:00,cbXRP,50133432,156259787,0.3208,251782,2935365,9065642,1440313,0.16
2026-09-22T10:02:37+00:00,SOL,5603557,18194449,0.308,113225,541467,1243164,1197092,0.3
2026-09-22T10:02:37+00:00,cbDOGE,2342036,7518983,0.3115,43944,80775,269158,606497,0.38
2026-09-22T10:02:37+00:00,cbADA,2060080,7360098,0.2799,0,73808,216137,258740,0.32
2026-09-22T10:02:37+00:00,cbLTC,852243,2529401,0.3369,125736,251980,337880,276667,0.24
2026-09-22T10:02:37+00:00,JitoSOL,2460822,7716765,0.3189,85183,131284,464101,1197092,0.44
2026-09-22T15:00:06+00:00,cbBTC,1449546444,3264701402,0.444,7595703,57615449,169462303,10371649,0.11
2026-09-22T15:00:06+00:00,WETH,86379889,211592975,0.4082,2786829,8095370,15978349,18325931,0.33
2026-09-22T15:00:06+00:00,cbETH,12094890,33377204,0.3624,86110,1531686,2230639,2572281,0.32
2026-09-22T15:00:06+00:00,cbXRP,50287446,157265774,0.3198,323145,3305432,9143274,1370494,0.15
2026-09-22T15:00:06+00:00,SOL,5621511,18129651,0.3101,120113,588143,1306017,1495398,0.35
2026-09-22T15:00:06+00:00,cbDOGE,2349878,7595570,0.3094,481,87833,274681,270520,0.3
2026-09-22T15:00:06+00:00,cbADA,2068628,7393858,0.2798,56,81795,221062,242125,0.32
2026-09-22T15:00:06+00:00,cbLTC,847128,2561756,0.3307,52680,253697,326894,315192,0.27
2026-09-22T15:00:06+00:00,JitoSOL,2402924,7658524,0.3138,15416,55875,344431,1495398,0.51
2026-09-22T18:59:45+00:00,cbBTC,1451320445,3281499217,0.4423,2373983,51631599,166662103,10572910,0.11
2026-09-22T18:59:45+00:00,WETH,86581401,212957953,0.4066,1437388,8014136,15789272,20538728,0.35
2026-09-22T18:59:45+00:00,cbETH,12079181,33546894,0.3601,57376,1525934,2224903,3329191,0.38
2026-09-22T18:59:45+00:00,cbXRP,50484598,160975078,0.3136,1780,2623667,8435567,1872749,0.19
2026-09-22T18:59:45+00:00,SOL,5658260,18422820,0.3071,106968,521370,1268383,1748093,0.38
2026-09-22T18:59:45+00:00,cbDOGE,2350614,7645214,0.3075,1063,89287,274107,310819,0.32
2026-09-22T18:59:45+00:00,cbADA,2093520,7523746,0.2783,1484,123024,245285,246839,0.31
2026-09-22T18:59:45+00:00,cbLTC,854454,2610952,0.3273,56014,256844,325927,274447,0.26
2026-09-22T18:59:45+00:00,JitoSOL,2415359,7740598,0.312,9830,43152,353918,1748093,0.56
2026-09-22T22:14:42+00:00,cbBTC,1453059956,3276223827,0.4435,3542910,56083785,172197934,12220119,0.11
2026-09-22T22:14:42+00:00,WETH,87237772,213751679,0.4081,1528395,8036465,16243204,19826593,0.33
2026-09-22T22:14:42+00:00,cbETH,12099151,33524245,0.3609,59964,1570989,2245462,4048484,0.43
2026-09-22T22:14:42+00:00,cbXRP,50773148,160692140,0.316,188959,2835926,8651626,2893117,0.21
2026-09-22T22:14:42+00:00,SOL,5706283,18542871,0.3077,106270,425416,1255158,3364031,0.52
2026-09-22T22:14:42+00:00,cbDOGE,2357277,7672865,0.3072,1063,89939,274599,302609,0.32
2026-09-22T22:14:42+00:00,cbADA,2104985,7513833,0.2801,35973,129015,276205,248636,0.28
2026-09-22T22:14:42+00:00,cbLTC,860669,2642533,0.3257,56001,256810,335929,292447,0.26
2026-09-22T22:14:42+00:00,JitoSOL,2419454,7763058,0.3117,9839,42955,357324,3364031,
2026-09-23T00:38:44+00:00,cbBTC,1453589634,3285749078,0.4424,1871443,51612125,171703977,10241387,0.11
2026-09-23T00:38:44+00:00,WETH,87285718,214565267,0.4068,1322916,7978069,15963513,18820958,0.33
2026-09-23T00:38:44+00:00,cbETH,12097550,33625608,0.3598,51122,1555751,2210415,2900614,0.34
2026-09-23T00:38:44+00:00,cbXRP,50976583,162184112,0.3143,66987,2800115,8676993,1403489,0.16
2026-09-23T00:38:44+00:00,SOL,5711031,18645435,0.3063,69854,443491,1207176,2544273,0.46
2026-09-23T00:38:44+00:00,cbDOGE,2358474,7740442,0.3047,253,91049,271688,265886,0.29
2026-09-23T00:38:44+00:00,cbADA,2109282,7699344,0.274,0,121224,265554,241676,0.3
2026-09-23T00:38:44+00:00,cbLTC,860254,2673960,0.3217,55637,232119,329478,255474,0.21
2026-09-23T00:38:44+00:00,JitoSOL,2434021,7837481,0.3106,3162,43334,346013,2544273,
2026-09-23T06:04:11+00:00,cbBTC,1458837656,3295851442,0.4426,5728707,50677899,173769847,13244784,0.11
2026-09-23T06:04:11+00:00,WETH,87601708,214910179,0.4076,1614546,8085769,16861419,19479824,0.33
2026-09-23T06:04:11+00:00,cbETH,12157480,33857931,0.3591,42706,1524897,2225476,2245860,0.31
2026-09-23T06:04:11+00:00,cbXRP,51253963,165063888,0.3105,183221,2694739,8067608,1911408,0.19
2026-09-23T06:04:11+00:00,SOL,5777138,18712666,0.3087,111931,439151,1301222,1649947,0.36
2026-09-23T06:04:11+00:00,cbDOGE,2373239,7836609,0.3028,75858,94915,280326,563078,0.38
2026-09-23T06:04:11+00:00,cbADA,2111807,7693205,0.2745,1136,122851,268314,263544,0.3
2026-09-23T06:04:11+00:00,cbLTC,869857,2722094,0.3196,55637,231876,347723,243402,0.22
2026-09-23T06:04:11+00:00,JitoSOL,2443170,7872484,0.3103,1328,43696,346606,1649947,0.53
2026-09-23T11:43:20+00:00,cbBTC,1459952341,3261273343,0.4477,15927687,60767420,187260912,13579553,0.1
2026-09-23T11:43:20+00:00,WETH,87645276,212130632,0.4132,3268236,8456366,17966906,17134535,0.3
2026-09-23T11:43:20+00:00,cbETH,12169633,33299906,0.3655,330676,1596509,2455291,1491006,0.18
2026-09-23T11:43:20+00:00,cbXRP,51337238,162668707,0.3156,313317,3272381,9197309,938721,0.14
2026-09-23T11:43:20+00:00,SOL,5790175,18470290,0.3135,162438,606904,1427690,1167079,0.27
2026-09-23T11:43:20+00:00,cbDOGE,2383951,7653258,0.3115,77225,96098,305623,206287,0.26
2026-09-23T11:43:20+00:00,cbADA,2116256,7567796,0.2796,33116,127176,273445,255882,0.27
2026-09-23T11:43:20+00:00,cbLTC,873130,2660664,0.3282,60250,261464,355988,203812,0.17
2026-09-23T11:43:20+00:00,JitoSOL,2442829,7730551,0.316,21098,72360,365361,1167079,0.44
2026-09-23T17:05:47+00:00,cbBTC,1462145716,3203864936,0.4564,15352261,75127595,227943780,14282641,0.1
2026-09-23T17:05:47+00:00,WETH,87696322,207118159,0.4234,3790744,9925956,19629000,17459459,0.28
2026-09-23T17:05:47+00:00,cbETH,12208228,32729061,0.373,341263,1622343,2576906,2826261,0.32
2026-09-23T17:05:47+00:00,cbXRP,51417856,153541899,0.3349,1497039,5076448,12328920,2657396,0.14
2026-09-23T17:05:47+00:00,SOL,5817868,18100604,0.3214,248532,796285,1484375,1665070,0.33
2026-09-23T17:05:47+00:00,cbDOGE,2375750,7087710,0.3352,88425,244525,538053,323938,0.26
2026-09-23T17:05:47+00:00,cbADA,2123764,7145074,0.2972,76044,225653,389443,250349,0.22
2026-09-23T17:05:47+00:00,cbLTC,875307,2547898,0.3435,136061,303990,385014,235840,0.15
2026-09-23T17:05:47+00:00,JitoSOL,2474315,7585900,0.3262,57085,139294,425331,1665070,0.51
2026-09-23T19:05:55+00:00,cbBTC,1463254971,3220269836,0.4544,14948032,70844389,213766341,15375909,0.11
2026-09-23T19:05:55+00:00,WETH,87732639,207969799,0.4219,3767583,9134762,19174622,18907016,0.3
2026-09-23T19:05:55+00:00,cbETH,12202726,32728493,0.3728,340705,1608252,2526472,3554950,0.38
2026-09-23T19:05:55+00:00,cbXRP,51489002,153496337,0.3354,1414131,5100391,12265168,2924874,0.15
2026-09-23T19:05:55+00:00,SOL,5800190,18102346,0.3204,248548,776690,1467297,1961859,0.37
2026-09-23T19:05:55+00:00,cbDOGE,2377258,7063644,0.3365,93382,248187,543564,379568,0.26
2026-09-23T19:05:55+00:00,cbADA,2123832,7124449,0.2981,74700,223992,403712,275445,0.22
2026-09-23T19:05:55+00:00,cbLTC,875650,2595801,0.3373,60515,302885,368113,330483,0.26
2026-09-23T19:05:55+00:00,JitoSOL,2482054,7604173,0.3264,57438,140222,467014,1961859,0.58
2026-09-23T20:38:42+00:00,cbBTC,1463909265,3217008731,0.4551,15107141,71187203,216784491,15373749,0.11
2026-09-23T20:38:42+00:00,WETH,87755019,208069013,0.4218,3768222,8928813,19182087,18156305,0.29
2026-09-23T20:38:42+00:00,cbETH,12207636,32881022,0.3713,339686,1590719,2522365,3438550,0.37
2026-09-23T20:38:42+00:00,cbXRP,51527652,153260048,0.3362,1458114,5107378,12918649,2796962,0.15
2026-09-23T20:38:42+00:00,SOL,5799461,18090536,0.3206,248409,781181,1432156,1962009,0.37
2026-09-23T20:38:42+00:00,cbDOGE,2387454,7075778,0.3374,93386,248176,541989,401012,0.27
2026-09-23T20:38:42+00:00,cbADA,2126700,7126255,0.2984,74703,224044,405104,255919,0.22
2026-09-23T20:38:42+00:00,cbLTC,875785,2598219,0.3371,60517,302280,368127,329770,0.26
2026-09-23T20:38:42+00:00,JitoSOL,2483674,7609253,0.3264,57514,140407,466570,1962009,0.58
2026-09-23T23:04:10+00:00,cbBTC,1464624787,3229513240,0.4535,14594432,73920277,212007609,16157080,0.11
2026-09-23T23:04:10+00:00,WETH,87786869,209624248,0.4188,3647261,8842713,18978550,19433708,0.31
2026-09-23T23:04:10+00:00,cbETH,12210780,33020157,0.3698,341216,1567255,2515112,3964210,0.4
2026-09-23T23:04:10+00:00,cbXRP,51592324,154592946,0.3337,1286233,5025603,12068897,3592351,0.17
2026-09-23T23:04:10+00:00,SOL,5814812,18239073,0.3188,235503,691428,1429240,2912135,0.46
2026-09-23T23:04:10+00:00,cbDOGE,2388636,7119916,0.3355,88153,165983,541422,362228,0.27
2026-09-23T23:04:10+00:00,cbADA,2126850,7169323,0.2967,74705,224452,384897,261455,0.22
2026-09-23T23:04:10+00:00,cbLTC,876488,2600194,0.3371,60518,302286,366866,246750,0.18
2026-09-23T23:04:10+00:00,JitoSOL,2483754,7657790,0.3243,56827,136591,417463,2912135,
2026-09-24T01:33:03+00:00,cbBTC,1465632030,3219387701,0.4553,15013892,74877609,217884109,13189529,0.1
2026-09-24T01:33:03+00:00,WETH,87850755,209264992,0.4198,3648783,8913361,19133965,17348526,0.28
2026-09-24T01:33:03+00:00,cbETH,12216075,32974152,0.3705,341660,1573116,2527444,2588492,0.31
2026-09-24T01:33:03+00:00,cbXRP,51641396,153968700,0.3354,1397166,5202144,12176784,3317385,0.16
2026-09-24T01:33:03+00:00,SOL,5819039,18255265,0.3188,170977,697670,1427280,2319721,0.4
2026-09-24T01:33:03+00:00,cbDOGE,2389043,7122485,0.3354,88153,165975,541456,350958,0.27
2026-09-24T01:33:03+00:00,cbADA,2127371,7118510,0.2989,74850,226265,404158,219292,0.2
2026-09-24T01:33:03+00:00,cbLTC,876513,2632343,0.333,60431,292965,363812,282200,0.2
2026-09-24T01:33:03+00:00,JitoSOL,2483895,7673498,0.3237,56496,136072,420494,2319721,0.64
2026-09-24T07:44:22+00:00,cbBTC,1466570039,3228289947,0.4543,14535538,74675379,215383937,15863774,0.11
2026-09-24T07:44:22+00:00,WETH,87886398,210133983,0.4182,3641199,8839169,18879327,18760593,0.3
2026-09-24T07:44:22+00:00,cbETH,12264822,33243230,0.3689,340228,1540904,2476008,3248364,0.36
2026-09-24T07:44:22+00:00,cbXRP,51696752,154439466,0.3347,1338900,5196502,12151186,2750344,0.15
2026-09-24T07:44:22+00:00,SOL,5827136,18258280,0.3192,178335,708851,1428857,4728206,0.61
2026-09-24T07:44:22+00:00,cbDOGE,2388795,7231816,0.3303,87767,164677,531557,483041,0.29
2026-09-24T07:44:22+00:00,cbADA,2121898,7198126,0.2948,72979,200555,364272,261059,0.23
2026-09-24T07:44:22+00:00,cbLTC,921338,2961823,0.3111,0,256322,347824,364379,0.34
2026-09-24T07:44:22+00:00,JitoSOL,2487509,7672050,0.3242,55420,139070,441869,4728206,
2026-09-24T13:41:17+00:00,cbBTC,1467650676,3205741488,0.4578,15323269,78056071,235683316,13687847,0.09
2026-09-24T13:41:17+00:00,WETH,87781486,207644478,0.4227,3762369,9122161,19470849,18244663,0.29
2026-09-24T13:41:17+00:00,cbETH,12478366,33355081,0.3741,360053,1577158,2524706,3553663,0.37
2026-09-24T13:41:17+00:00,cbXRP,51655903,153189245,0.3372,1157175,5272247,12918703,2241095,0.14
2026-09-24T13:41:17+00:00,SOL,5811183,18175955,0.3197,198846,719425,1412606,2029800,0.37
2026-09-24T13:41:17+00:00,cbDOGE,2388481,7165617,0.3333,88034,167698,536014,411806,0.28
2026-09-24T13:41:17+00:00,cbADA,2123792,7159550,0.2966,73861,205716,374292,227889,0.22
2026-09-24T13:41:17+00:00,cbLTC,955362,3040824,0.3142,288,255857,381743,313692,0.27
2026-09-24T13:41:17+00:00,JitoSOL,2500580,7671880,0.3259,57534,169105,453580,2029800,0.58
2026-09-24T18:32:11+00:00,cbBTC,1470105519,3226925835,0.4556,14775162,77555714,220208687,15001876,0.11
2026-09-24T18:32:11+00:00,WETH,87949459,208610950,0.4216,3742521,9155061,19370712,18368402,0.29
2026-09-24T18:32:11+00:00,cbETH,12566050,33635995,0.3736,360879,1587233,2546207,2929780,0.32
2026-09-24T18:32:11+00:00,cbXRP,51949712,157710754,0.3294,792302,4564797,10787555,2198897,0.16
2026-09-24T18:32:11+00:00,SOL,5851727,18683486,0.3132,56413,642869,1393548,1664058,0.35
2026-09-24T18:32:11+00:00,cbDOGE,2391617,7378609,0.3241,51712,118197,422243,279309,0.25
2026-09-24T18:32:11+00:00,cbADA,2146863,7405571,0.2899,68010,189312,352447,224262,0.25
2026-09-24T18:32:11+00:00,cbLTC,1012693,3305510,0.3064,517,344683,361150,246684,0.2
2026-09-24T18:32:11+00:00,JitoSOL,2511845,7843948,0.3202,51415,109519,404437,1664058,0.51
2026-09-24T22:33:59+00:00,cbBTC,1471076278,3214754701,0.4576,15419770,79790411,236169620,15069045,0.1
2026-09-24T22:33:59+00:00,WETH,88047174,208656740,0.422,3719781,9305160,19362577,18040407,0.29
2026-09-24T22:33:59+00:00,cbETH,12621395,33824255,0.3731,422322,1622981,2601261,3288906,0.34
2026-09-24T22:33:59+00:00,cbXRP,52054811,157835282,0.3298,890322,4754662,11027337,2960725,0.17
2026-09-24T22:33:59+00:00,SOL,5858546,18525336,0.3162,153661,691020,1415015,2719801,0.44
2026-09-24T22:33:59+00:00,cbDOGE,2394931,7316663,0.3273,87937,163401,509780,300690,0.27
2026-09-24T22:33:59+00:00,cbADA,2147493,7395564,0.2904,68090,191636,354949,221489,0.25
2026-09-24T22:33:59+00:00,cbLTC,1015375,3236591,0.3137,5447,345902,437413,303935,0.18
2026-09-24T22:33:59+00:00,JitoSOL,2514692,7818377,0.3216,53805,143069,425322,2719801,
2026-09-25T01:41:26+00:00,cbBTC,1472054989,3229299435,0.4558,14519789,79234486,223012934,14650503,0.11
2026-09-25T01:41:26+00:00,WETH,88082767,209388546,0.4207,3624619,9307287,19254249,18582040,0.3
2026-09-25T01:41:26+00:00,cbETH,12622134,33862146,0.3728,405649,1598111,2596946,3147389,0.34
2026-09-25T01:41:26+00:00,cbXRP,52103934,159718535,0.3262,426078,4270513,10221566,2681613,0.17
2026-09-25T01:41:26+00:00,SOL,5884876,18768202,0.3136,50042,633230,1477872,2626757,0.43
2026-09-25T01:41:26+00:00,cbDOGE,2395442,7431712,0.3223,51690,124003,414022,277712,0.25
2026-09-25T01:41:26+00:00,cbADA,2156219,7599702,0.2837,1302,121662,325612,249266,0.27
2026-09-25T01:41:26+00:00,cbLTC,1016509,3297494,0.3083,623,345807,380844,281762,0.2
2026-09-25T01:41:26+00:00,JitoSOL,2536011,7920655,0.3202,49377,113788,412545,2626757,
2026-09-25T08:01:35+00:00,cbBTC,1472517599,3215370890,0.458,15404859,81774576,238059143,16075852,0.11
2026-09-25T08:01:35+00:00,WETH,88260634,208387860,0.4235,3761049,9676233,19534586,18519491,0.29
2026-09-25T08:01:35+00:00,cbETH,12636165,33692238,0.375,427648,1649699,2617460,3144059,0.34
2026-09-25T08:01:35+00:00,cbXRP,52219638,157684753,0.3312,1090656,4870881,11211270,1821328,0.14
2026-09-25T08:01:35+00:00,SOL,5887142,18557682,0.3172,144937,723669,1493306,2002737,0.37
2026-09-25T08:01:35+00:00,cbDOGE,2396470,7314124,0.3276,58505,164150,511992,383560,0.29
2026-09-25T08:01:35+00:00,cbADA,2159106,7467229,0.2891,3023,125681,362574,302199,0.26
2026-09-25T08:01:35+00:00,cbLTC,1017346,3296035,0.3087,1080,271873,402628,314803,0.22
2026-09-25T08:01:35+00:00,JitoSOL,2544908,7867775,0.3235,53862,147530,465475,2002737,0.58
2026-09-25T13:59:42+00:00,cbBTC,1475973045,3210547780,0.4597,15703242,86215900,247175452,15605340,0.1
2026-09-25T13:59:42+00:00,WETH,88422713,209796315,0.4215,3667151,9819895,19541957,18033192,0.29
2026-09-25T13:59:42+00:00,cbETH,12654375,33997802,0.3722,330726,1584397,2575024,3183895,0.34
2026-09-25T13:59:42+00:00,cbXRP,52388314,164639157,0.3182,253138,3331124,9377604,1603792,0.16
2026-09-25T13:59:42+00:00,SOL,5897525,18991293,0.3105,66727,513948,1418708,1875369,0.36
2026-09-25T13:59:42+00:00,cbDOGE,2399093,7491782,0.3202,51571,126461,394258,371110,0.3
2026-09-25T13:59:42+00:00,cbADA,2159638,7621966,0.2833,3929,121558,325168,322971,0.3
2026-09-25T13:59:42+00:00,cbLTC,1019073,3197502,0.3187,1563,342397,449109,303116,0.2
2026-09-25T13:59:42+00:00,JitoSOL,2540845,8067222,0.315,7870,90742,385327,1875369,0.57
2026-09-25T18:47:25+00:00,cbBTC,1477659565,3222172176,0.4586,15321977,85349340,245081917,16458314,0.11
2026-09-25T18:47:25+00:00,WETH,88614698,211245563,0.4195,3656302,9541380,19432561,18969849,0.3
2026-09-25T18:47:25+00:00,cbETH,12703530,34137613,0.3721,329851,1587818,2577547,3474166,0.36
2026-09-25T18:47:25+00:00,cbXRP,52479654,162733630,0.3225,561466,3752138,10276920,2056606,0.16
2026-09-25T18:47:25+00:00,SOL,5906220,19498442,0.3029,0,450771,1257121,1810522,0.38
2026-09-25T18:47:25+00:00,cbDOGE,2400890,7523219,0.3191,47056,126646,356784,430668,0.32
2026-09-25T18:47:25+00:00,cbADA,2134470,7662656,0.2786,1159,117810,297914,309811,0.32
2026-09-25T18:47:25+00:00,cbLTC,1016699,3236302,0.3142,1445,275480,442666,343874,0.21
2026-09-25T18:47:25+00:00,JitoSOL,2550066,8252925,0.309,0,81976,378447,1810522,0.55
2026-09-25T22:32:24+00:00,cbBTC,1479032299,3221046835,0.4592,15158712,87587451,250218351,16643489,0.11
2026-09-25T22:32:24+00:00,WETH,88699488,210757987,0.4209,3636249,9800002,19724196,18137028,0.29
2026-09-25T22:32:24+00:00,cbETH,12934142,34147699,0.3788,330402,1606462,2594211,2667271,0.31
2026-09-25T22:32:24+00:00,cbXRP,52558698,161433172,0.3256,735477,4313289,10535548,2124186,0.16
2026-09-25T22:32:24+00:00,SOL,5935764,19403197,0.3059,278,521056,1294533,1419316,0.31
2026-09-25T22:32:24+00:00,cbDOGE,2400368,7569278,0.3171,47016,110198,356878,284677,0.27
2026-09-25T22:32:24+00:00,cbADA,2139442,7656327,0.2794,1278,120805,301967,268722,0.28
2026-09-25T22:32:24+00:00,cbLTC,1020068,3317590,0.3075,518,278676,360483,244854,0.18
2026-09-25T22:32:24+00:00,JitoSOL,2587486,8272963,0.3128,87408,169369,479352,1419316,0.47
2026-09-26T01:44:05+00:00,cbBTC,1479135002,3219350810,0.4595,15194660,87189271,251412691,17490948,0.11
2026-09-26T01:44:05+00:00,WETH,88721876,210915532,0.4207,3635284,9412293,19728653,18792367,0.29
2026-09-26T01:44:05+00:00,cbETH,12938389,34189213,0.3784,315864,1607151,2602697,3287447,0.35
2026-09-26T01:44:05+00:00,cbXRP,52654300,162745350,0.3235,564404,3930789,10405991,2636037,0.18
2026-09-26T01:44:05+00:00,SOL,5960925,19492119,0.3058,229,507508,1284611,2495047,0.44
2026-09-26T01:44:05+00:00,cbDOGE,2401581,7618929,0.3152,78254,110833,315660,304354,0.29
2026-09-26T01:44:05+00:00,cbADA,2140220,7741396,0.2765,108,121102,301004,252531,0.28
2026-09-26T01:44:05+00:00,cbLTC,1021924,3336628,0.3063,518,277901,383365,257815,0.18
2026-09-26T01:44:05+00:00,JitoSOL,2590694,8265156,0.3134,91743,173897,483307,2495047,0.7
2026-09-26T07:54:22+00:00,cbBTC,1480160298,3225897314,0.4588,15071813,86136711,246231269,16570420,0.11
2026-09-26T07:54:22+00:00,WETH,88801083,211096503,0.4207,3635785,9427279,19787930,18905576,0.29
2026-09-26T07:54:22+00:00,cbETH,12951334,34222536,0.3784,315736,1607166,2609054,3425576,0.36
2026-09-26T07:54:22+00:00,cbXRP,52710647,160353773,0.3287,965952,4822250,11175189,2943598,0.17
2026-09-26T07:54:22+00:00,SOL,5962575,19249041,0.3098,167788,560434,1429037,2565090,0.44
2026-09-26T07:54:22+00:00,cbDOGE,2405964,7509290,0.3204,83414,127935,395566,291680,0.26
2026-09-26T07:54:22+00:00,cbADA,2141201,7596561,0.2819,36756,134170,309720,252029,0.27
2026-09-26T07:54:22+00:00,cbLTC,1045587,3363905,0.3108,518,287188,400369,259876,0.18
2026-09-26T07:54:22+00:00,JitoSOL,2591939,8195742,0.3163,103475,179089,494840,2565090,
2026-09-26T13:16:53+00:00,cbBTC,1480362234,3227556738,0.4587,14918459,86149929,244055230,16159718,0.11
2026-09-26T13:16:53+00:00,WETH,88793413,211110798,0.4206,3638349,9437376,19772323,17643973,0.28
2026-09-26T13:16:53+00:00,cbETH,13020090,34509640,0.3773,333136,1610644,2613110,2852561,0.33
2026-09-26T13:16:53+00:00,cbXRP,52751400,159425076,0.3309,1107888,4928780,11744883,2938093,0.17
2026-09-26T13:16:53+00:00,SOL,5967944,19333631,0.3087,151208,549954,1441847,2601737,0.44
2026-09-26T13:16:53+00:00,cbDOGE,2407199,7492440,0.3213,83526,131368,397740,381152,0.3
2026-09-26T13:16:53+00:00,cbADA,2141974,7611323,0.2814,41548,134402,309579,263193,0.27
2026-09-26T13:16:53+00:00,cbLTC,1054188,3366419,0.3131,521,301906,406068,366887,0.24
2026-09-26T13:16:53+00:00,JitoSOL,2593310,8233509,0.315,93934,174082,492063,2601737,
2026-09-26T17:19:54+00:00,cbBTC,1480857616,3226601657,0.459,14622675,86374909,244349615,16673189,0.11
2026-09-26T17:19:54+00:00,WETH,88866576,210840973,0.4215,3638734,9461543,19805931,18252763,0.28
2026-09-26T17:19:54+00:00,cbETH,13015742,34503122,0.3772,319477,1613264,2628292,2790862,0.32
2026-09-26T17:19:54+00:00,cbXRP,52755438,160005168,0.3297,914146,4689942,11613209,3045666,0.17
2026-09-26T17:19:54+00:00,SOL,5974999,19421524,0.3076,52627,545941,1325497,2899136,0.47
2026-09-26T17:19:54+00:00,cbDOGE,2403461,7579405,0.3171,47036,118933,360535,305235,0.29
2026-09-26T17:19:54+00:00,cbADA,2193370,7857146,0.2792,33355,129725,309314,281174,0.28
2026-09-26T17:19:54+00:00,cbLTC,1056571,3362529,0.3142,521,303728,410031,343864,0.24
2026-09-26T17:19:54+00:00,JitoSOL,2598759,8267970,0.3143,91980,174857,497987,2899136,
2026-09-26T20:01:55+00:00,cbBTC,1481249434,3225247004,0.4593,14812157,86104406,248103788,16234385,0.11
2026-09-26T20:01:55+00:00,WETH,88882508,210552274,0.4221,3683096,9701535,19931192,18234917,0.28
2026-09-26T20:01:55+00:00,cbETH,13020469,34409808,0.3784,354136,1620584,2639089,2789562,0.32
2026-09-26T20:01:55+00:00,cbXRP,52799027,157448501,0.3353,1679680,5768069,12686764,3839404,0.18
2026-09-26T20:01:55+00:00,SOL,5980069,19352906,0.309,157598,593080,1440396,2966091,0.47
2026-09-26T20:01:55+00:00,cbDOGE,2404716,7468996,0.322,83606,141957,412245,323889,0.28
2026-09-26T20:01:55+00:00,cbADA,2193111,7771171,0.2822,38922,131164,310183,279768,0.27
2026-09-26T20:01:55+00:00,cbLTC,1057106,3316837,0.3187,1080,329034,429390,401250,0.26
2026-09-26T20:01:55+00:00,JitoSOL,2602151,8237987,0.3159,94247,175065,506506,2966091,
2026-09-26T23:01:20+00:00,cbBTC,1481712951,3237857217,0.4576,14031489,84950836,232902854,16004227,0.11
2026-09-26T23:01:20+00:00,WETH,88896523,211173650,0.421,3631926,9456257,19731382,17989581,0.28
2026-09-26T23:01:20+00:00,cbETH,13026715,34470445,0.3779,334561,1617621,2669771,2521206,0.3
2026-09-26T23:01:20+00:00,cbXRP,52840284,157382062,0.3357,1637745,5714934,12712071,3339213,0.16
2026-09-26T23:01:20+00:00,SOL,5986982,19393392,0.3087,147687,579246,1345280,2748259,0.45
2026-09-26T23:01:20+00:00,cbDOGE,2405586,7435318,0.3235,83626,142058,426165,371323,0.3
2026-09-26T23:01:20+00:00,cbADA,2203969,7690109,0.2866,47183,135828,316040,288160,0.26
2026-09-26T23:01:20+00:00,cbLTC,1080316,3372081,0.3204,734,329126,460395,273801,0.16
2026-09-26T23:01:20+00:00,JitoSOL,2613816,8264024,0.3163,94408,178123,507922,2748259,
2026-09-27T01:37:50+00:00,cbBTC,1482284968,3239201580,0.4576,13940231,85247950,233040807,15988679,0.11
2026-09-27T01:37:50+00:00,WETH,88885365,211411141,0.4204,3628568,9406765,19646909,19029826,0.29
2026-09-27T01:37:50+00:00,cbETH,13044670,34576699,0.3773,318881,1617692,2658196,3542459,0.36
2026-09-27T01:37:50+00:00,cbXRP,52844001,156886945,0.3368,1658629,5849207,13231035,4086868,0.18
2026-09-27T01:37:50+00:00,SOL,6076051,19516335,0.3113,165125,607545,1549392,2592764,0.43
2026-09-27T01:37:50+00:00,cbDOGE,2406913,7403544,0.3251,88583,142733,434868,280070,0.24
2026-09-27T01:37:50+00:00,cbADA,2207949,7660265,0.2882,47321,135881,333067,286904,0.26
2026-09-27T01:37:50+00:00,cbLTC,1090320,3359842,0.3245,746,373915,469687,356167,0.2
2026-09-27T01:37:50+00:00,JitoSOL,2615279,8272438,0.3161,94266,178285,515687,2592764,
2026-09-27T08:23:22+00:00,cbBTC,1482790223,3257911316,0.4551,13202940,81289638,226608570,13908656,0.11
2026-09-27T08:23:22+00:00,WETH,89044282,213434615,0.4172,3300293,9158632,19629753,19379002,0.3
2026-09-27T08:23:22+00:00,cbETH,13051043,34865647,0.3743,216341,1605473,2611851,3070863,0.33
2026-09-27T08:23:22+00:00,cbXRP,52922437,158939887,0.333,1284046,5308731,12185324,2463450,0.14
2026-09-27T08:23:22+00:00,SOL,6085585,19796578,0.3074,13842,583336,1418419,1548564,0.31
2026-09-27T08:23:22+00:00,cbDOGE,2407648,7513784,0.3204,51629,139783,379214,284884,0.26
2026-09-27T08:23:22+00:00,cbADA,2208389,7839389,0.2817,1535,134842,311327,278055,0.28
2026-09-27T08:23:22+00:00,cbLTC,1092257,3366601,0.3244,746,375023,471565,461795,0.25
2026-09-27T08:23:22+00:00,JitoSOL,2617372,8472338,0.3089,0,168101,480438,1548564,0.51
2026-09-27T14:48:22+00:00,cbBTC,1483981092,3254713424,0.4559,13293123,83739153,229486746,14894862,0.11
2026-09-27T14:48:22+00:00,WETH,89051262,211576555,0.4209,3732395,9496951,19839578,17770684,0.28
2026-09-27T14:48:22+00:00,cbETH,13061927,34712898,0.3763,316016,1614039,2623479,2289533,0.28
2026-09-27T14:48:22+00:00,cbXRP,52992201,158376870,0.3346,1482955,5435543,12498211,2738987,0.15
2026-09-27T14:48:22+00:00,SOL,6101555,19832282,0.3077,84850,596019,1430390,1802656,0.34
2026-09-27T14:48:22+00:00,cbDOGE,2410828,7507485,0.3211,84001,140389,402993,375876,0.3
2026-09-27T14:48:22+00:00,cbADA,2213070,7772581,0.2847,48974,146461,321838,274988,0.27
2026-09-27T14:48:22+00:00,cbLTC,1094098,3328632,0.3287,211043,375242,476517,519120,0.31
2026-09-27T14:48:22+00:00,JitoSOL,2589428,8291803,0.3123,88485,188926,481583,1802656,0.54
2026-09-27T19:06:13+00:00,cbBTC,1484429609,3257536288,0.4557,13219404,83482218,227858943,14530662,0.11
2026-09-27T19:06:13+00:00,WETH,89155786,212108688,0.4203,3677357,9485349,20072273,17937247,0.28
2026-09-27T19:06:13+00:00,cbETH,13073244,34663560,0.3771,317561,1612746,2656489,2435003,0.29
2026-09-27T19:06:13+00:00,cbXRP,53100586,159360795,0.3332,1266689,5265234,12312059,2835666,0.15
2026-09-27T19:06:13+00:00,SOL,6105954,19929237,0.3064,78895,496077,1437245,1865011,0.35
2026-09-27T19:06:13+00:00,cbDOGE,2413626,7508338,0.3215,51644,142034,406505,279162,0.24
2026-09-27T19:06:13+00:00,cbADA,2214612,7796130,0.2841,11951,146550,323371,279597,0.27
2026-09-27T19:06:13+00:00,cbLTC,1094862,3347662,0.3271,45736,374579,476454,453476,0.22
2026-09-27T19:06:13+00:00,JitoSOL,2594725,8361115,0.3103,891,188166,474607,1865011,0.56
2026-09-27T22:22:56+00:00,cbBTC,1484965582,3243973538,0.4578,18052829,85701344,234521847,18097946,0.11
2026-09-27T22:22:56+00:00,WETH,89187890,210516688,0.4237,3912896,9823517,20475740,18100656,0.28
2026-09-27T22:22:56+00:00,cbETH,13074664,34496543,0.379,352165,1630574,2735585,3355431,0.34
2026-09-27T22:22:56+00:00,cbXRP,53229344,157810176,0.3373,1696992,5932007,13828192,4279750,0.18
2026-09-27T22:22:56+00:00,SOL,6130495,19929918,0.3076,82986,583777,1454303,3174929,0.48
2026-09-27T22:22:56+00:00,cbDOGE,2413676,7477359,0.3228,84301,144332,416922,351243,0.3
2026-09-27T22:22:56+00:00,cbADA,2217754,7754083,0.286,19937,158184,326447,293608,0.27
2026-09-27T22:22:56+00:00,cbLTC,1096373,3320498,0.3302,210189,390728,509226,452429,0.22
2026-09-27T22:22:56+00:00,JitoSOL,2595327,8340938,0.3112,1193,195683,475121,3174929,
2026-09-28T01:49:19+00:00,cbBTC,1485499307,3227909653,0.4602,19794034,88300916,255460659,18974282,0.1
2026-09-28T01:49:19+00:00,WETH,89208588,210277248,0.4242,3915788,10043655,20498215,17820526,0.28
2026-09-28T01:49:19+00:00,cbETH,13090282,34354459,0.381,443051,1646783,2748771,3152014,0.32
2026-09-28T01:49:19+00:00,cbXRP,53338898,156986644,0.3398,1903821,6573849,14442681,4936508,0.18
2026-09-28T01:49:19+00:00,SOL,6144710,19816385,0.3101,132801,705632,1469698,2670792,0.43
2026-09-28T01:49:19+00:00,cbDOGE,2415335,7419834,0.3255,89338,144497,440597,404238,0.3
2026-09-28T01:49:19+00:00,cbADA,2218435,7769245,0.2855,50254,159110,326259,305699,0.27
2026-09-28T01:49:19+00:00,cbLTC,1098411,3301960,0.3327,210660,391174,533923,538011,0.32
2026-09-28T01:49:19+00:00,JitoSOL,2595207,8280461,0.3134,89139,197253,488067,2670792,
2026-09-28T08:50:46+00:00,cbBTC,1486006797,3184841339,0.4666,27333921,98279471,280912959,17648986,0.09
2026-09-28T08:50:46+00:00,WETH,89436597,207940803,0.4301,4321091,11768013,22372840,18697813,0.27
2026-09-28T08:50:46+00:00,cbETH,13100574,34138554,0.3837,452044,1700104,2888883,3474716,0.35
2026-09-28T08:50:46+00:00,cbXRP,53423959,153809837,0.3473,2736163,7512288,15929936,3672448,0.14
2026-09-28T08:50:46+00:00,SOL,6156140,19213497,0.3204,339968,847999,1788109,2627339,0.41
2026-09-28T08:50:46+00:00,cbDOGE,2419635,7160230,0.3379,108471,224259,574774,429948,0.27
2026-09-28T08:50:46+00:00,cbADA,2218925,7463158,0.2973,100800,237004,376481,267721,0.24
2026-09-28T08:50:46+00:00,cbLTC,1092480,3295424,0.3315,210475,391714,524095,465594,0.24
2026-09-28T08:50:46+00:00,JitoSOL,2799384,8602251,0.3254,30258,226932,573575,2627339,0.64
2026-09-28T17:47:25+00:00,cbBTC,1490292519,3228508033,0.4616,19289652,92503314,262382784,17027120,0.1
2026-09-28T17:47:25+00:00,WETH,89553628,212532539,0.4214,3632949,9685966,20272208,19537224,0.3
2026-09-28T17:47:25+00:00,cbETH,13091914,34907334,0.375,312854,1596648,2634556,3317689,0.34
2026-09-28T17:47:25+00:00,cbXRP,53660429,157316165,0.3411,1793632,6525693,14862351,3247186,0.14
2026-09-28T17:47:25+00:00,SOL,6171350,19464609,0.3171,127033,846032,1648911,2782734,0.42
2026-09-28T17:47:25+00:00,cbDOGE,2415475,7325755,0.3297,70239,193457,531492,298808,0.22
2026-09-28T17:47:25+00:00,cbADA,2220822,7562396,0.2937,55543,185754,384976,335437,0.29
2026-09-28T17:47:25+00:00,cbLTC,1089674,3256233,0.3346,166743,463771,515997,348794,0.17
2026-09-28T17:47:25+00:00,JitoSOL,2825211,8759205,0.3225,19483,204857,574290,2782734,
2026-09-28T23:27:12+00:00,cbBTC,1492300432,3213607537,0.4644,22782127,96098365,277937267,16995836,0.1
2026-09-28T23:27:12+00:00,WETH,89647357,211976146,0.4229,3638043,9810970,20514335,18710396,0.28
2026-09-28T23:27:12+00:00,cbETH,13195901,34860051,0.3785,323158,1622663,2847257,3246913,0.33
2026-09-28T23:27:12+00:00,cbXRP,53924640,156189498,0.3453,2398380,6829016,15660122,2959424,0.12
2026-09-28T23:27:12+00:00,SOL,6174252,19226351,0.3211,277725,911347,1787008,2623355,0.4
2026-09-28T23:27:12+00:00,cbDOGE,2427730,7429430,0.3268,102638,211712,566720,384091,0.27
2026-09-28T23:27:12+00:00,cbADA,2254996,7567394,0.298,86253,187607,414616,322564,0.25
2026-09-28T23:27:12+00:00,cbLTC,1098749,3254656,0.3376,166305,498859,519647,319475,0.16
2026-09-28T23:27:12+00:00,JitoSOL,2832663,8684003,0.3262,65085,264144,590047,2623355,0.64
2026-09-29T05:55:39+00:00,cbBTC,1493151500,3206613959,0.4656,23019024,98611250,282230904,17212206,0.1
2026-09-29T05:55:39+00:00,WETH,90830736,212368187,0.4277,4052918,11127748,21194484,23005732,0.31
2026-09-29T05:55:39+00:00,cbETH,13232803,34763152,0.3807,411540,1636922,2860255,7631969,0.51
2026-09-29T05:55:39+00:00,cbXRP,54009867,156192717,0.3458,2354374,6920954,15975067,3850386,0.14
2026-09-29T05:55:39+00:00,SOL,6238056,19300983,0.3232,254090,1035055,1868364,2667556,0.4
2026-09-29T05:55:39+00:00,cbDOGE,2428096,7419332,0.3273,69728,218590,567648,307513,0.22
2026-09-29T05:55:39+00:00,cbADA,2255771,7533683,0.2994,101842,242476,409513,320679,0.24
2026-09-29T05:55:39+00:00,cbLTC,1092251,3189953,0.3424,242099,459384,524087,370229,0.17
2026-09-29T05:55:39+00:00,JitoSOL,2875081,8685706,0.331,110891,335741,653716,2667556,0.64
2026-09-29T13:07:13+00:00,cbBTC,1493740039,3247944360,0.4599,14577955,90927193,248845424,13015232,0.1
2026-09-29T13:07:13+00:00,WETH,91023842,218111309,0.4173,3038167,9497687,19611016,19632356,0.31
2026-09-29T13:07:13+00:00,cbETH,13323736,35705442,0.3732,209047,1608049,2514903,3204147,0.34
2026-09-29T13:07:13+00:00,cbXRP,54071373,162541215,0.3327,651919,5353082,12914258,1887135,0.13
2026-09-29T13:07:13+00:00,SOL,6237593,19723951,0.3162,93269,730333,1635989,2656417,0.41
2026-09-29T13:07:13+00:00,cbDOGE,2430518,7656995,0.3174,54706,139926,448348,344723,0.28
2026-09-29T13:07:13+00:00,cbADA,2258982,7809325,0.2893,12633,154911,333327,246061,0.24
2026-09-29T13:07:13+00:00,cbLTC,1092324,3224667,0.3387,170084,457773,520254,383611,0.17
2026-09-29T13:07:13+00:00,JitoSOL,2889353,8904350,0.3245,11462,290904,606935,2656417,0.64
2026-09-29T18:45:43+00:00,cbBTC,1494274236,3216137395,0.4646,23188084,96941240,283183198,15849573,0.1
2026-09-29T18:45:43+00:00,WETH,91215828,214828544,0.4246,3711218,10070243,20918617,19737810,0.29
2026-09-29T18:45:43+00:00,cbETH,13348291,35006824,0.3813,334660,1661065,2923506,4229064,0.39
2026-09-29T18:45:43+00:00,cbXRP,54169452,156317075,0.3465,2453476,7090003,16164211,2331040,0.1
2026-09-29T18:45:43+00:00,SOL,6254305,19424895,0.322,232586,980737,1806783,3077896,0.44
2026-09-29T18:45:43+00:00,cbDOGE,2432742,7470065,0.3257,70120,211150,568125,346005,0.26
2026-09-29T18:45:43+00:00,cbADA,2282536,7627021,0.2993,52363,245215,416451,363980,0.28
2026-09-29T18:45:43+00:00,cbLTC,1092699,3167925,0.3449,293382,462628,529264,370026,0.16
2026-09-29T18:45:43+00:00,JitoSOL,2894737,8782563,0.3296,101668,335867,657732,3077896,
2026-09-29T23:06:07+00:00,cbBTC,1495992450,3216422617,0.4651,20660510,102182730,284506315,19611167,0.1
2026-09-29T23:06:07+00:00,WETH,91298537,214273023,0.4261,3810284,10156004,21054385,19662681,0.29
2026-09-29T23:06:07+00:00,cbETH,13448210,35170124,0.3824,418845,1674089,2945793,4228001,0.39
2026-09-29T23:06:07+00:00,cbXRP,54298160,156922186,0.346,2324970,7038896,16002770,3646703,0.14
2026-09-29T23:06:07+00:00,SOL,6266802,19553666,0.3205,209423,967776,1771901,2912052,0.42
2026-09-29T23:06:07+00:00,cbDOGE,2434637,7526446,0.3235,69690,212049,564121,439104,0.29
2026-09-29T23:06:07+00:00,cbADA,2283786,7647030,0.2987,50152,196923,420601,339602,0.26
2026-09-29T23:06:07+00:00,cbLTC,1096679,3160775,0.347,293365,462915,528493,369912,0.16
2026-09-29T23:06:07+00:00,JitoSOL,2915720,8866104,0.3289,100361,318039,654913,2912052,
2026-09-30T02:15:17+00:00,cbBTC,1497106140,3219004592,0.4651,23333853,103855154,289659744,20045136,0.1
2026-09-30T02:15:17+00:00,WETH,91310375,213730566,0.4272,3923418,10343926,21217411,19072959,0.28
2026-09-30T02:15:17+00:00,cbETH,13458528,35105337,0.3834,423256,1677794,2944286,3696952,0.37
2026-09-30T02:15:17+00:00,cbXRP,54350577,157505504,0.3451,2158786,6836263,15778662,3683717,0.14
2026-09-30T02:15:17+00:00,SOL,6286593,19659114,0.3198,199723,859173,1708564,2882631,0.42
2026-09-30T02:15:17+00:00,cbDOGE,2430970,7519329,0.3233,69668,213645,559561,397665,0.28
2026-09-30T02:15:17+00:00,cbADA,2293512,7705717,0.2976,50085,197656,428463,345451,0.26
2026-09-30T02:15:17+00:00,cbLTC,1097584,3174416,0.3458,242445,463847,528682,409580,0.18
2026-09-30T02:15:17+00:00,JitoSOL,2920092,8899092,0.3281,99664,303063,646344,2882631,
2026-09-30T08:45:30+00:00,cbBTC,1497246517,3200189789,0.4679,24158614,107294185,299693471,20078830,0.1
2026-09-30T08:45:30+00:00,WETH,91421672,212951018,0.4293,3996993,11510369,21761197,19007025,0.27
2026-09-30T08:45:30+00:00,cbETH,13483806,35108640,0.3841,439276,1697070,2960139,3661289,0.36
2026-09-30T08:45:30+00:00,cbXRP,54466009,157580078,0.3456,2188931,6970795,15861941,3726966,0.14
2026-09-30T08:45:30+00:00,SOL,6293120,19460403,0.3234,304648,1098459,1848375,3063417,0.43
2026-09-30T08:45:30+00:00,cbDOGE,2431181,7494583,0.3244,70026,213724,565763,313821,0.22
2026-09-30T08:45:30+00:00,cbADA,2299923,7696640,0.2988,52367,247388,377908,312022,0.28
2026-09-30T08:45:30+00:00,cbLTC,1105163,3166622,0.349,293038,464384,532237,394849,0.17
2026-09-30T08:45:30+00:00,JitoSOL,2920142,8779280,0.3326,114326,341763,679741,3063417,
2026-09-30T16:04:30+00:00,cbBTC,1497861575,3245554487,0.4615,19082904,98376532,268595069,16030601,0.1
2026-09-30T16:04:30+00:00,WETH,91590440,214924590,0.4262,3776638,10386723,21285751,18826530,0.28
2026-09-30T16:04:30+00:00,cbETH,13562069,35424205,0.3828,330846,1781274,2987946,3398497,0.33
2026-09-30T16:04:30+00:00,cbXRP,54686508,159038632,0.3439,1770544,6839773,15679708,3604876,0.14
2026-09-30T16:04:30+00:00,SOL,6315654,19643741,0.3215,184230,957649,1778786,2610753,0.39
2026-09-30T16:04:30+00:00,cbDOGE,2435314,7640066,0.3188,65054,149948,536630,396274,0.29
2026-09-30T16:04:30+00:00,cbADA,2300866,7760856,0.2965,49637,198215,384327,255805,0.22
2026-09-30T16:04:30+00:00,cbLTC,1100376,3192264,0.3447,292727,463859,514445,329619,0.14
2026-09-30T16:04:30+00:00,JitoSOL,3033936,9113573,0.3329,100816,329751,673740,2610753,0.6
2026-09-30T20:56:09+00:00,cbBTC,1499734817,3226811953,0.4648,21120788,103941960,287692044,14427405,0.09
2026-09-30T20:56:09+00:00,WETH,91666101,214302645,0.4277,3934560,10734982,21563947,17544684,0.26
2026-09-30T20:56:09+00:00,cbETH,13583221,35211214,0.3858,426797,1794873,3046938,2786026,0.29
2026-09-30T20:56:09+00:00,cbXRP,54809087,157591329,0.3478,2323797,7414170,16663195,2675518,0.11
2026-09-30T20:56:09+00:00,SOL,6319030,19375461,0.3261,304443,1162097,1926348,1602240,0.28
2026-09-30T20:56:09+00:00,cbDOGE,2440198,7554711,0.323,73612,223836,562207,370313,0.27
2026-09-30T20:56:09+00:00,cbADA,2301670,7676692,0.2998,65145,254954,390404,379614,0.29
2026-09-30T20:56:09+00:00,cbLTC,1048481,2973513,0.3526,293056,464116,517835,381505,0.15
2026-09-30T20:56:09+00:00,JitoSOL,3038828,9046662,0.3359,112654,353376,697991,1602240,0.43
2026-10-01T00:41:07+00:00,cbBTC,1501793401,3220286483,0.4664,23814875,107682133,292634736,15242832,0.09
2026-10-01T00:41:07+00:00,WETH,91741289,214546236,0.4276,3867241,10732285,21491033,18389586,0.27
2026-10-01T00:41:07+00:00,cbETH,13648183,35379966,0.3858,424961,1859456,3101696,2962618,0.3
2026-10-01T00:41:07+00:00,cbXRP,54864583,157350889,0.3487,2651580,7640927,16861813,3202878,0.11
2026-10-01T00:41:07+00:00,SOL,6313975,19398625,0.3255,302611,1126825,1923814,2473545,0.37
2026-10-01T00:41:07+00:00,cbDOGE,2439298,7553260,0.3229,72036,222450,560825,281143,0.22
2026-10-01T00:41:07+00:00,cbADA,2300633,7720410,0.298,50101,202417,388333,336631,0.29
2026-10-01T00:41:07+00:00,cbLTC,1050904,2995825,0.3508,292936,464890,518539,396195,0.17
2026-10-01T00:41:07+00:00,JitoSOL,3039884,9040388,0.3363,113675,357672,698819,2473545,0.56
2026-10-01T07:19:12+00:00,cbBTC,1502611632,3248427530,0.4626,19108173,101082793,272636300,15249239,0.1
2026-10-01T07:19:12+00:00,WETH,91778989,217229172,0.4225,3341501,10044734,21187162,19865251,0.29
2026-10-01T07:19:12+00:00,cbETH,13660207,35845705,0.3811,235132,1842890,2999942,3582123,0.34
2026-10-01T07:19:12+00:00,cbXRP,54888563,159081595,0.345,1870656,7052041,15937473,2772269,0.12
2026-10-01T07:19:12+00:00,SOL,6297554,19543632,0.3222,196615,969173,1823674,2059360,0.33
2026-10-01T07:19:12+00:00,cbDOGE,2460036,7740151,0.3178,63355,165241,522482,501675,0.3
2026-10-01T07:19:12+00:00,cbADA,2311108,8006660,0.2886,10654,180323,322180,269465,0.25
2026-10-01T07:19:12+00:00,cbLTC,1053681,3022163,0.3487,292647,464523,515044,385398,0.16
2026-10-01T07:19:12+00:00,JitoSOL,3056504,9182113,0.3329,100594,336615,666328,2059360,0.49
2026-10-01T14:39:04+00:00,cbBTC,1503611376,3246284935,0.4632,19203963,101905827,279840871,15649503,0.1
2026-10-01T14:39:04+00:00,WETH,91852967,215982013,0.4253,2698767,9501610,21407267,19941971,0.29
2026-10-01T14:39:04+00:00,cbETH,13748794,35731838,0.3848,332056,1860046,3105232,3737748,0.35
2026-10-01T14:39:04+00:00,cbXRP,54964481,156964694,0.3502,3014324,8117948,17169421,2959833,0.1
2026-10-01T14:39:04+00:00,SOL,6333968,19346679,0.3274,304902,1168409,2039656,2113471,0.32
2026-10-01T14:39:04+00:00,cbDOGE,2436898,7645915,0.3187,69135,204363,546183,411442,0.28
2026-10-01T14:39:04+00:00,cbADA,2311540,7737186,0.2988,53945,212305,389698,320071,0.28
2026-10-01T14:39:04+00:00,cbLTC,1048284,2997081,0.3498,292989,459666,509336,351162,0.15
2026-10-01T14:39:04+00:00,JitoSOL,3068140,9276772,0.3307,115864,375289,690199,2113471,0.49
2026-10-01T20:27:12+00:00,cbBTC,1505807222,3276935951,0.4595,16192798,95399658,260237869,11610816,0.1
2026-10-01T20:27:12+00:00,WETH,92012507,216560452,0.4249,2673677,9477242,21422249,19195831,0.28
2026-10-01T20:27:12+00:00,cbETH,13742326,35866557,0.3832,323694,1851993,3016825,2970201,0.3
2026-10-01T20:27:12+00:00,cbXRP,55141516,158876465,0.3471,1934764,7115687,16440741,2866491,0.11
2026-10-01T20:27:12+00:00,SOL,6359313,19465681,0.3267,285416,1082415,2027610,1650626,0.26
2026-10-01T20:27:12+00:00,cbDOGE,2442069,7685846,0.3177,64682,203379,547342,316844,0.23
2026-10-01T20:27:12+00:00,cbADA,2320711,7834637,0.2962,53174,221247,404458,278142,0.22
2026-10-01T20:27:12+00:00,cbLTC,1052578,3046814,0.3455,169730,452938,508894,215126,0.11
2026-10-01T20:27:12+00:00,JitoSOL,3067629,9340695,0.3284,102515,356203,676200,1650626,0.43
2026-10-02T07:08:33+00:00,cbBTC,1508153953,3327850620,0.4532,9577123,83533613,230146467,14964038,0.12
2026-10-02T07:08:33+00:00,WETH,92180727,219135398,0.4207,2041961,9046000,20880790,18874499,0.28
2026-10-02T07:08:33+00:00,cbETH,13818230,36599334,0.3776,214227,1832634,2844842,2494841,0.28
2026-10-02T07:08:33+00:00,cbXRP,55278986,161758054,0.3417,1377706,6640029,15112790,2908829,0.13
2026-10-02T07:08:33+00:00,SOL,6429412,20167615,0.3188,25760,771192,1871933,2252539,0.35
2026-10-02T07:08:33+00:00,cbDOGE,2442413,7784986,0.3137,55014,164973,362712,362941,0.31
2026-10-02T07:08:33+00:00,cbADA,2322926,8077637,0.2876,2068,167372,335248,238556,0.24
2026-10-02T07:08:33+00:00,cbLTC,1065662,3154639,0.3378,165481,455259,517707,321078,0.18
2026-10-02T07:08:33+00:00,JitoSOL,3109572,9547109,0.3257,2032,208254,667427,2252539,0.52
2026-10-02T14:00:42+00:00,cbBTC,1509584902,3355570387,0.4499,3980656,77484197,216909793,13160116,0.11
2026-10-02T14:00:42+00:00,WETH,92303781,220724047,0.4182,1216006,8891064,20917042,19798853,0.29
2026-10-02T14:00:42+00:00,cbETH,13824403,37017727,0.3735,32645,1752399,2759460,3336296,0.33
2026-10-02T14:00:42+00:00,cbXRP,55374568,163112189,0.3395,1119091,6390241,14599517,2713421,0.13
2026-10-02T14:00:42+00:00,SOL,6462728,20273146,0.3188,27515,869713,1917118,2074714,0.32
2026-10-02T14:00:42+00:00,cbDOGE,2444698,7860767,0.311,53783,154273,346402,347558,0.31
2026-10-02T14:00:42+00:00,cbADA,2324837,8089365,0.2874,2260,167421,335779,247884,0.24
2026-10-02T14:00:42+00:00,cbLTC,1062798,3181824,0.334,42355,390660,518623,312202,0.18
2026-10-02T14:00:42+00:00,JitoSOL,3118987,9653306,0.3231,1891,182205,660770,2074714,0.49
2026-10-02T19:28:37+00:00,cbBTC,1512001729,3251191254,0.4651,21643108,106278891,288487673,18247190,0.1
2026-10-02T19:28:37+00:00,WETH,92486747,213730619,0.4327,3537360,11814045,22621597,19099290,0.26
2026-10-02T19:28:37+00:00,cbETH,13960253,35949016,0.3883,441598,2026242,3162997,3753612,0.32
2026-10-02T19:28:37+00:00,cbXRP,55523086,154669000,0.359,3896377,9214440,19549756,1615330,0.06
2026-10-02T19:28:37+00:00,SOL,6397048,19370092,0.3303,316928,1052254,2077187,2067843,0.3
2026-10-02T19:28:37+00:00,cbDOGE,2444890,7343882,0.3329,120308,249861,677330,397936,0.26
2026-10-02T19:28:37+00:00,cbADA,2316132,7499583,0.3088,118230,299281,484185,353873,0.26
2026-10-02T19:28:37+00:00,cbLTC,1063470,3066404,0.3468,242318,478106,533097,407204,0.17
2026-10-02T19:28:37+00:00,JitoSOL,3108748,9194239,0.3381,117461,325748,769814,2067843,0.46
2026-10-02T23:55:55+00:00,cbBTC,1513032853,3273703757,0.4622,18540516,99158397,270152058,17204931,0.1
2026-10-02T23:55:55+00:00,WETH,92536216,214238679,0.4319,3190086,11164034,22470540,19074932,0.26
2026-10-02T23:55:55+00:00,cbETH,14011143,36142832,0.3877,438410,2009846,3176565,3715844,0.32
2026-10-02T23:55:55+00:00,cbXRP,55616630,157844574,0.3524,2975216,8349098,17803115,2854459,0.1
2026-10-02T23:55:55+00:00,SOL,6403867,19511969,0.3282,298355,903472,2029694,3111726,0.42
2026-10-02T23:55:55+00:00,cbDOGE,2460432,7491674,0.3284,77739,231407,588853,429995,0.28
2026-10-02T23:55:55+00:00,cbADA,2328143,7680331,0.3031,99790,273418,459956,330079,0.25
2026-10-02T23:55:55+00:00,cbLTC,1068915,3134478,0.341,176339,475593,517060,300372,0.13
2026-10-02T23:55:55+00:00,JitoSOL,3121560,9318276,0.335,98927,302137,755049,3111726,
2026-10-03T05:31:16+00:00,cbBTC,1513367054,3275291685,0.4621,18209915,101776163,270589802,16550256,0.1
2026-10-03T05:31:16+00:00,WETH,92541803,214934627,0.4306,3101891,11042384,22191385,19164714,0.27
2026-10-03T05:31:16+00:00,cbETH,14021664,36237870,0.3869,419830,1990887,3178724,3762003,0.32
2026-10-03T05:31:16+00:00,cbXRP,55617263,158496586,0.3509,2450641,8067745,17570430,3077218,0.11
2026-10-03T05:31:16+00:00,SOL,6433689,19718973,0.3263,189443,915808,1986360,2800177,0.39
2026-10-03T05:31:16+00:00,cbDOGE,2460944,7568646,0.3251,68687,225068,577047,393512,0.28
2026-10-03T05:31:16+00:00,cbADA,2323627,7786036,0.2984,50506,215944,408561,335348,0.28
2026-10-03T05:31:16+00:00,cbLTC,1070985,3128483,0.3423,182498,476135,522209,330912,0.17
2026-10-03T05:31:16+00:00,JitoSOL,3161021,9474021,0.3337,97250,296559,734584,2800177,0.61
2026-10-03T11:52:23+00:00,cbBTC,1513630736,3278303201,0.4617,17971819,101555377,269793296,16304745,0.1
2026-10-03T11:52:23+00:00,WETH,92541636,215323921,0.4298,2992069,11038905,22257053,19750982,0.28
2026-10-03T11:52:23+00:00,cbETH,14029834,36350326,0.386,346537,1986941,3172142,3624405,0.32
2026-10-03T11:52:23+00:00,cbXRP,55638325,158000635,0.3521,2904443,8338466,17779198,3293254,0.11
2026-10-03T11:52:23+00:00,SOL,6443637,19704498,0.327,201159,915491,1984312,2821425,0.39
2026-10-03T11:52:23+00:00,cbDOGE,2462307,7512881,0.3277,69000,231689,580911,516963,0.28
2026-10-03T11:52:23+00:00,cbADA,2323747,7721982,0.3009,63587,263372,420292,344546,0.28
2026-10-03T11:52:23+00:00,cbLTC,1071432,3137407,0.3415,177810,476529,519536,348053,0.14
2026-10-03T11:52:23+00:00,JitoSOL,3161063,9483437,0.3333,97016,295768,733566,2821425,0.63
2026-10-03T16:33:59+00:00,cbBTC,1514429143,3283719241,0.4612,16971109,101125224,269905130,15573571,0.1
2026-10-03T16:33:59+00:00,WETH,92577024,215028708,0.4305,3130500,11085224,22389888,19562978,0.27
2026-10-03T16:33:59+00:00,cbETH,14082194,36429402,0.3866,418204,1988029,3171889,3462943,0.31
2026-10-03T16:33:59+00:00,cbXRP,55682621,158707969,0.3508,2449838,8028225,17526291,2927257,0.11
2026-10-03T16:33:59+00:00,SOL,6450678,19758207,0.3265,188626,880347,1992109,2773669,0.39
2026-10-03T16:33:59+00:00,cbDOGE,2465254,7581274,0.3252,67867,226524,579128,409245,0.29
2026-10-03T16:33:59+00:00,cbADA,2325626,7724401,0.3011,64369,264249,428152,328753,0.25
2026-10-03T16:33:59+00:00,cbLTC,1073270,3143564,0.3414,177804,500321,521373,319906,0.14
2026-10-03T16:33:59+00:00,JitoSOL,3178776,9544521,0.333,96977,293085,742274,2773669,0.6
